Geohash,#Accident
9vk5n,0
9v6mk,3
9vg4s,130
9vk3d,2
9vk4s,9
9v6eg,0
9vk47,17
dnnxu,7
9q5b6,0
9vk4d,0
dnnx2,135
9vk2h,3
9vg5r,10
9v6mv,1
9vg1k,16
9vg7e,1
dnnx9,57
9vk3t,2
9vk0v,139
9vk3e,0
9q5fs,7
9vk61,7
9vk0w,34
9qh52,2
9v7gj,0
9v7by,1
9q5by,173
9q5cr,89
9v6e3,12
9q5b1,0
dhwfp,0
9vk0b,72
9q5fd,54
dhwfx,0
dnh05,20
9q59u,1
dnq9s,0
dhwg6,0
9vk32,32
dnnrw,103
9v6m6,0
9q5gj,2
dnnry,125
9vk07,40
9vk3g,0
dnq2z,29
9vg5y,0
9q5c3,160
dhwfw,0
9vk20,0
9vg7j,2
dnnrr,26
9vk3j,0
9v6tj,0
9q5cp,29
dn5bm,50
9v6mh,6
9v6e9,25
9vg16,1
9vk14,170
9v67g,6
9vk72,0
dnnr5,1
9qh40,6
dnq88,207
9v67h,0
dn5bk,0
9vk7h,0
9q5e5,1
djgzn,16
dnq90,100
djupb,114
9vk2c,1
9vg6s,0
9vk0z,141
9q5g1,33
9vhpf,0
9vg70,2
9vg5b,7
9v6ks,5
9vg4u,27
9vk49,2
9v7bn,2
9q59v,8
9vk15,223
9vg46,62
dnq2x,178
9vg7c,0
9vk69,1
9vk2g,0
9v7bm,0
dhwgh,0
9vk4v,3
dnq3r,26
9v6es,7
9v7fq,2
9vk6m,0
9qh4b,3
9vk62,4
dhwft,0
9v6kz,113
9vg6h,0
dnq92,75
9vk43,43
dnq9j,0
dhwf7,0
9vk0d,58
9v6ky,7
9vg5p,114
9q5cx,138
9v6e8,31
9vg4y,20
dnh04,6
9vk63,3
9v6mm,14
9mupc,0
9vg78,3
9v6my,0
9vg50,4
9vg5k,82
9v6tk,0
9q5dv,13
dn5bv,36
9q5dg,0
dnnrq,6
9vg5j,60
9q59z,13
9vg4v,55
9q5c6,109
9v7fs,0
dnnrk,20
9v6ef,35
dnq3j,13
9vk74,6
9v7fk,1
9v6eb,117
9v7fp,2
9vg4z,18
9vk2u,1
9q5fr,98
9v6sk,8
9qh0b,96
9q5cj,154
dhx58,0
9vg7g,0
9vk3y,0
9v6mx,5
dhwfq,0
9v7bu,0
9v67n,4
9vg1h,3
9v7fn,0
9vk22,29
9v6et,0
9v67q,56
9vhpg,0
9qh1b,75
9v6s9,102
9vk1x,40
9v6s6,14
dnq2g,0
9vg45,23
dhwfh,0
9vfcr,0
9vk13,87
9v6kd,3
9vk4f,0
djgzp,19
dn5bt,25
9v6sd,15
dhwgs,0
9vk70,4
9vg4r,28
9v6sc,151
dnh01,2
9vk27,13
dn5bx,35
dnq80,127
9v6k5,3
9q5f6,117
dnh03,1
9vg5c,8
9vk45,7
djup2,26
9v6ku,23
dnnxk,0
9v6t7,8
9vk53,0
9v6ke,1
9vg4f,41
9q5ff,11
dhwfv,0
9q5dj,5
9v6th,0
9vg42,33
9vg6b,81
dnq2p,191
9qh41,4
9vg4c,6
dnq97,3
djup3,7
9vk0p,0
dhwfz,0
dnh09,12
9vg39,0
dnnrp,6
9vk4y,3
9vk1b,0
9vg1f,26
dn5bn,33
9vk1k,96
9v6t2,9
dnq93,12
dnq2h,1
dnnrt,49
dnq85,37
dhwgk,0
9v7fr,0
9vk4b,4
dn5bq,23
djupd,6
9vg1v,19
9vg76,1
9vg59,17
9vk41,9
9qh10,240
dnq2j,47
dn5be,0
dhx4b,0
dnq3k,0
dhwg7,0
9v6tv,0
9qh12,10
dnq8j,0
9qh18,38
9vk1m,257
9q5g6,1
9v7gn,0
9vk02,1
9q5f4,54
9vk4w,12
dhwgq,0
9vg4q,44
dnq2u,1
dnq9h,0
djgzy,26
dhwgp,0
9q5cw,325
djgzu,2
9q5fj,69
dnq9m,0
9vg5d,24
9v6t6,5
dnq91,34
dnq2t,40
dn5bu,0
9v67m,13
9vk39,9
djup6,0
dnh02,186
9vg67,5
9vg49,0
9v6te,1
dhx48,0
dhwff,0
9vg6j,0
9v6t8,7
9v6m5,5
dn5bg,0
9v7bh,0
9vk66,8
9q5bf,93
dnq25,0
9vg4m,197
9vk6d,1
9vk4p,12
9v7gp,2
9q5dt,3
9q5ce,100
9v6sf,34
9vhrg,15
9vg5q,122
dnnxe,4
dnq3x,8
9vk35,2
9qh09,1
dhwgt,0
9vg1b,18
dhwgr,0
9vk6f,7
9qh43,2
dnnx5,1
9q5eq,2
dnh07,7
9vk06,11
dnnx6,47
9vg47,50
9v6mz,0
9vk1g,63
9vk12,70
9vg1r,0
9vg63,21
9vfcx,0
9q5fz,3
9qh02,65
9vg5f,0
9q5bv,53
9q5fu,12
dhwgm,0
9q5c9,99
9vg77,0
9qh08,139
9q5cg,37
9vk1z,36
9vk6k,0
9vghj,1
dhx50,0
dnnrh,3
9vk46,24
9vg7m,2
9v67w,112
9vg7s,0
9q5bk,69
dhwfr,0
djgzw,9
9v6s3,83
dhwfe,0
dhwfu,0
9q5b7,2
9vk2k,0
9v6tc,0
9v6s7,4
9vg3s,0
9q5cs,273
9vk11,169
9q5br,84
9vg1c,35
9vk0j,8
djgzs,14
dnnrs,26
9vhru,1
9vg4p,29
djgzt,39
9v6w0,0
9vk3m,2
dnh0c,0
9v7cr,44
dnq27,0
9vg4t,175
djgzr,43
9v6mt,1
9v7fv,0
9v6st,5
9vk6y,0
9v6s2,236
9vk0c,173
9q5c7,12
9vg3f,2
9vg30,5
9v7cw,1
9v6s8,273
9vg7t,0
9v7br,1
9vk77,0
9v7fx,0
9vk71,15
9vg1t,21
9v6ej,0
9v67e,1
9v7cp,26
9v67v,66
9q5bx,85
9v6s4,21
9vk1f,62
9vfgr,0
9vk6q,0
9vg62,15
dnnqv,11
9qh11,0
9vg5w,14
9v67t,47
9vk03,0
9vgk0,0
dnq8k,27
9vg6k,1
9v67j,1
9vk29,21
9q59s,0
dnnwb,2
9v67f,5
9vg54,14
9v6qj,1
9vk34,10
9q5d5,0
9vk0e,50
9vg5v,4
djgzq,10
9q5bu,129
9vk42,0
9vg5n,69
9vghn,0
9v7bt,0
9q5dz,9
djgzg,0
9v6mg,2
9v6sh,2
9v7cz,0
9vg5s,35
dnnrn,2
9vk31,10
9q5cm,96
9q5cd,99
djupg,29
9vk1t,155
9q5f9,55
9v7fy,1
9vgk4,0
9q5f2,227
9vk54,3
9q5fh,73
9vfgz,0
9q5fb,152
dnh00,120
dnq2s,7
dnq3h,0
9q5fw,19
9vk09,43
9vk5h,15
9v6t4,10
9v6s5,14
9v6e2,15
9vg5m,112
9vg5h,14
9v6mq,93
dnq8m,8
dnq8g,80
dhwfy,0
9v6sm,0
9vk2s,0
9vk1n,115
9vk44,9
9vg7f,0
dhwgx,0
9qh13,46
9v6ed,28
9q5g0,41
9vk5m,0
9vk16,43
9vk5j,0
9vg71,0
9q5fn,30
9vk1u,99
9v6t1,130
9vghh,9
dnq2y,39
9q5fk,123
9qh42,64
9v6mj,16
9q5fc,51
9vk19,61
9mgzu,11
9vg7d,0
9vk6s,0
djupf,11
9vk0r,29
9v7cm,15
9q5er,70
9v6kv,33
9vk28,52
dn5by,45
9vk0m,33
9v5zu,0
dnnre,5
dnnxv,2
9vk6e,1
9vk55,1
dnnx1,0
9q5bh,20
9v6kp,366
9vg7u,0
dnq89,156
9q5gp,1
9q5f8,51
9v6qn,0
9vk2t,1
9q5dx,2
9vk6v,0
dnnrm,104
9q59x,23
9vk0s,25
9q5cn,50
9q5c5,46
dnnxj,0
9v7bp,1
9vk37,14
9vk1r,51
9vg1d,3
dhwfk,0
9v6kk,7
9q59g,0
9vg1e,17
dnq83,210
9v6k7,8
9vg57,15
9vg19,1
9vg1g,45
9vk0f,98
9q5g5,2
9v5zy,0
dnnxf,44
9q5dr,39
9vk1e,90
9vhrv,0
9vk6g,3
dhwgj,0
9vg65,1
9q5f5,47
9vg4h,82
9v6mw,2
9v6m7,8
9v6tf,0
9v7cq,18
9v6ts,0
dn5bj,200
dn5bp,416
9q5b9,0
9q5dm,60
dnq81,122
dnq2q,172
9v6e0,5
9vg6d,1
9vg56,41
9vg13,0
9v7cs,0
9q5ds,0
9vgh1,0
9vk3v,0
9q5eh,1
9v7ck,7
9vk1y,50
9vg4d,18
9vk08,18
9v6kq,25
9vk68,5
9vk30,34
9vg75,16
9vg68,24
9vk3s,0
9q5bs,217
9q5b4,1
9v677,0
9vg1z,3
9vg72,0
9v6sv,0
dnq87,91
9q5dp,40
9qh0c,14
9v7gr,0
9v7cy,0
9q5c0,0
dnq8u,3
9q5gn,1
9vg4e,64
9vk3c,1
dhx52,0
9v6kx,85
dnq98,0
9v7fm,0
9q5fx,9
dnh0d,35
dnnxs,1
9v7bs,0
9q5bm,72
9q5c2,23
9vg3b,15
9v6kt,5
9v6me,3
9v6mr,20
9v6ec,48
9vhry,0
9vg79,0
9vk5k,17
9vg3t,0
dhwfd,0
9q5en,0
9vgk1,1
9vg55,108
9v6td,0
9vk4e,0
9vfcz,0
9vk4c,0
9vk4k,87
9vg5e,17
9q5bw,111
dhwf4,0
9v7ft,2
dnh06,33
dn5bh,30
9q5bn,22
djgzz,310
9v6mp,106
9qh03,2
9vhrc,0
9vk1d,61
9vk0y,99
9v6e6,13
9vg1m,0
9v67y,106
9v6t5,5
9vk48,1
9q5ej,1
9v7fw,0
9vg6c,26
9v6mn,36
9v67u,22
9vg7v,0
9vg4n,31
9vk4g,2
9vhpv,2
9vk6u,0
9vg4b,18
dhwfj,0
9q5c1,11
djgz7,0
9vk3k,6
djgzh,1
9v7bq,0
9vg5x,36
9v7bz,0
dnnwf,0
9q5bg,84
9q5be,64
9q59e,0
dn5bz,17
9v7bx,0
dnq9k,6
9v7bk,0
dnq94,51
9vffz,0
dnq2r,239
9q59w,0
dnq8f,168
9vg6f,13
dnnx3,38
9qh1c,2
9vg4x,86
9vk36,18
9vg58,2
9v6tg,0
dn5br,166
9v6kw,21
9q5c4,179
9vg1q,1
9vk1c,58
9vk4u,27
9vk3h,0
djup0,0
9vk17,100
9v7fh,2
dnq96,4
9vg48,3
dhwfg,0
9vk05,0
9mgzg,0
9q5fp,10
dnq3n,6
dnq8e,26
9q5du,10
dnh0g,3
dnq2m,35
9vg52,10
9q5f1,1
9q5cc,0
9vk2f,6
9vk1q,130
9v7bv,0
9vk4q,28
dnnqu,5
dnq8s,20
dnq95,28
9vgh5,1
9v7cn,2
dnnxb,98
dnnx0,40
9v6kn,84
9vk3n,2
9vg53,4
9mgzy,0
9vg4j,15
9q5cu,114
9vk40,10
dnq2k,4
9v6s1,35
dnnxt,0
dnq3w,0
djgzk,1
9vg43,6
9vg73,3
9q5fy,1
9v7cx,5
9v6kg,27
9vk25,20
9v6se,44
djupe,0
9v7cj,0
9vk0k,19
9q5ft,37
9vg7b,0
9vk4t,8
9mgzf,0
9vg1s,38
9vg40,5
9vg1x,4
9v6w5,0
9q5cv,270
9q5fq,5
dnnxg,17
9vg18,0
dnh0b,23
9vk4x,22
9vk2d,19
9qh50,1
dnnxc,61
9vk4h,62
9q5fm,50
9vghp,19
dnh0f,79
dhwf6,0
9vk4r,25
9vk38,18
9vk0x,29
9vk23,60
9vk2b,45
dn5b7,1
9v6tu,0
9qh01,29
9q5f7,81
9v67p,4
9v67r,6
dnq82,566
9q5bq,86
9mgzc,0
9q5f3,78
dnnrg,3
9vg1y,50
dnq8h,0
9vg17,0
dn5bs,0
9vg4w,94
9vg64,1
9v6ss,50
9vhrf,0
9vk3w,0
9v7ct,0
9v6tb,6
9v6sb,133
9q5cb,53
9v7fz,1
9vg6m,0
dhwgn,0
9vg7h,8
9vk4j,8
9vffr,1
dnq8d,93
9vk24,34
9q5bz,77
9q5ep,44
9vg6u,0
9vgh4,1
dhwge,0
9vk73,0
dnnqg,3
dnnxh,0
9vk6h,0
9vk2j,1
9vk1j,293
dnq2v,23
dnq8v,0
9v6e1,3
9vk1s,105
9vg5t,30
dnq86,186
9vg61,15
9q5fe,21
dnnru,4
9vg5g,2
9vk04,0
dnq99,1
9vg51,23
9q5f0,7
9vg3c,11
9q5ck,120
djgze,0
9v6mu,0
9vg1w,1
9vg74,3
9q5cf,3
9v6kh,16
9q5dk,38
9vg41,2
9q5bd,7
9vk0q,19
9v7fj,0
9q59t,13
djup1,0
9vg7k,1
9v6eu,0
9vk6c,7
9q5ct,238
9q5cq,71
9vg69,43
9v7gh,0
dnnrz,126
9vk0h,0
9q5ch,214
9v67x,77
9vk0t,44
dhwgw,0
9v6t9,8
9v6su,5
djup9,16
dhwf5,0
9vg44,21
9v6eh,0
9q5bt,37
9v6kj,25
9v6ev,0
9v6t3,57
9vk2m,0
djgzj,5
9qh48,1
djgzx,80
9q5bj,3
dnq2e,10
9vg5z,49
djup8,7
9vffp,0
9vk01,0
9vfgx,0
dhwg4,0
dnnxd,17
9q5dq,40
dn5bw,47
9q59r,13
9vk26,13
djupc,21
9v6sg,9
dnq3p,20
9vffx,0
9v7bj,0
9v7cv,0
9q5bc,1
9vk0g,72
9q5bp,3
9vk3b,18
dhwg5,0
9v67s,1
9vk1p,78
dnnxm,0
dnnrv,60
9v7cu,0
9vk10,87
9vk3u,0
9q5dy,25
9vk21,6
9v6e4,0
9q5g4,1
dnh0e,0
dnnx8,58
9vk4m,58
dnnrj,21
9v7bw,0
9v6k6,2
9q5g2,3
dhwfm,0
9q5c8,172
9vk0u,73
9vk51,1
9vg66,0
dnq3q,7
9vg6g,8
9v6ee,5
9vk5p,0
9vk2e,0
dnnrx,37
9q5b5,0
9vk1v,95
9vk1w,107
9vk6b,21
9vk1h,138
9v6s0,201
9vg4g,74
9vgh0,9
9vg32,2
dnq84,128
9v6t0,96
9v67z,262
djgzv,22
9q5dw,0
dhwfs,0
djgzm,38
9qh00,82
9v6km,34
9vk2v,2
9vg5u,21
9vk3f,0
9vg60,15
9vk33,56
9vk50,1
9vk4n,1
dnh08,105
9vg4k,115
9q5cy,41
dnnx4,0
9q5d7,7
9vk0n,0
9vg6v,0
9vk64,3
dn5b5,9
dnq2w,42
9qh19,15
9v6ms,4
dnq2n,61
9vk56,0
9vg1u,43
9v7fu,0
9vg3e,0
9mupb,0
9v7ch,2
9v6kr,146
9q5fg,12
dnq8b,72
dnq8c,80
9vk18,4
9q5cz,87
